Datetime,Water Level (m)
2025-04-15 18:00:00,-0.47061154
2025-04-15 19:00:00,-0.54546183
2025-04-15 20:00:00,-0.25746158
2025-04-15 21:00:00,0.067438886
2025-04-15 22:00:00,0.3850178
2025-04-15 23:00:00,0.69590867
2025-04-16 00:00:00,0.7161708
2025-04-16 01:00:00,0.5521098
2025-04-16 02:00:00,0.29707533
2025-04-16 03:00:00,0.04438844
2025-04-16 04:00:00,-0.20516953
2025-04-16 05:00:00,-0.38751245
2025-04-16 06:00:00,-0.53858113
2025-04-16 07:00:00,-0.64679986
2025-04-16 08:00:00,-0.40539262
2025-04-16 09:00:00,0.09420482
2025-04-16 10:00:00,0.46752805
2025-04-16 11:00:00,0.8963912
2025-04-16 12:00:00,1.0044967
2025-04-16 13:00:00,0.9253259
2025-04-16 14:00:00,0.6503878
2025-04-16 15:00:00,0.36908513
2025-04-16 16:00:00,0.087742336
2025-04-16 17:00:00,-0.15546377
2025-04-16 18:00:00,-0.32623944
2025-04-16 19:00:00,-0.46902633
2025-04-16 20:00:00,-0.51051354
2025-04-16 21:00:00,-0.1268878
2025-04-16 22:00:00,0.19101661
2025-04-16 23:00:00,0.5288684
2025-04-17 00:00:00,0.7187114
2025-04-17 01:00:00,0.630369
2025-04-17 02:00:00,0.398947
2025-04-17 03:00:00,0.15366416
2025-04-17 04:00:00,-0.09216077
2025-04-17 05:00:00,-0.28918186
2025-04-17 06:00:00,-0.4465223
2025-04-17 07:00:00,-0.5758149
2025-04-17 08:00:00,-0.5800888
2025-04-17 09:00:00,-0.1262796
2025-04-17 10:00:00,0.23232557
2025-04-17 11:00:00,0.6687316
2025-04-17 12:00:00,0.96413594
2025-04-17 13:00:00,1.0063826
2025-04-17 14:00:00,0.8356427
2025-04-17 15:00:00,0.54098004
2025-04-17 16:00:00,0.27023068
2025-04-17 17:00:00,0.004865516
2025-04-17 18:00:00,-0.19241694
2025-04-17 19:00:00,-0.34412986
2025-04-17 20:00:00,-0.44498053
2025-04-17 21:00:00,-0.31163725
2025-04-17 22:00:00,0.035566285
2025-04-17 23:00:00,0.3219285
2025-04-18 00:00:00,0.6206771
2025-04-18 01:00:00,0.66752315
2025-04-18 02:00:00,0.52911323
2025-04-18 03:00:00,0.2916467
2025-04-18 04:00:00,0.053932685
2025-04-18 05:00:00,-0.16428913
2025-04-18 06:00:00,-0.33043972
2025-04-18 07:00:00,-0.4708322
2025-04-18 08:00:00,-0.5553177
2025-04-18 09:00:00,-0.35120493
2025-04-18 10:00:00,0.0503866
2025-04-18 11:00:00,0.4025645
2025-04-18 12:00:00,0.80494684
2025-04-18 13:00:00,0.9598151
2025-04-18 14:00:00,0.9349253
2025-04-18 15:00:00,0.70767224
2025-04-18 16:00:00,0.43198454
2025-04-18 17:00:00,0.16561875
2025-04-18 18:00:00,-0.07481535
2025-04-18 19:00:00,-0.23315081
2025-04-18 20:00:00,-0.37050837
2025-04-18 21:00:00,-0.42788428
2025-04-18 22:00:00,-0.22586042
2025-04-18 23:00:00,0.070161715
2025-04-19 00:00:00,0.35264856
2025-04-19 01:00:00,0.55511904
2025-04-19 02:00:00,0.5339991
2025-04-19 03:00:00,0.36685395
2025-04-19 04:00:00,0.14897054
2025-04-19 05:00:00,-0.06410126
2025-04-19 06:00:00,-0.24145262
2025-04-19 07:00:00,-0.3874554
2025-04-19 08:00:00,-0.4951591
2025-04-19 09:00:00,-0.50450146
2025-04-19 10:00:00,-0.21089765
2025-04-19 11:00:00,0.09852813
2025-04-19 12:00:00,0.44038308
2025-04-19 13:00:00,0.7488933
2025-04-19 14:00:00,0.8502883
2025-04-19 15:00:00,0.79613036
2025-04-19 16:00:00,0.57932
2025-04-19 17:00:00,0.338737
2025-04-19 18:00:00,0.09255803
2025-04-19 19:00:00,-0.11555262
2025-04-19 20:00:00,-0.25849697
2025-04-19 21:00:00,-0.37197062
2025-04-19 22:00:00,-0.4065034
2025-04-19 23:00:00,-0.23702164
2025-04-20 00:00:00,-0.0063969395
2025-04-20 01:00:00,0.24184376
2025-04-20 02:00:00,0.41928396
2025-04-20 03:00:00,0.4240055
2025-04-20 04:00:00,0.2888593
2025-04-20 05:00:00,0.09777613
2025-04-20 06:00:00,-0.096005894
2025-04-20 07:00:00,-0.25510836
2025-04-20 08:00:00,-0.38439974
2025-04-20 09:00:00,-0.47339186
2025-04-20 10:00:00,-0.43255505
2025-04-20 11:00:00,-0.16199635
2025-04-20 12:00:00,0.10623693
2025-04-20 13:00:00,0.4464352
2025-04-20 14:00:00,0.70367026
2025-04-20 15:00:00,0.81362045
2025-04-20 16:00:00,0.7908833
2025-04-20 17:00:00,0.6117668
2025-04-20 18:00:00,0.37462512
2025-04-20 19:00:00,0.14996848
2025-04-20 20:00:00,-0.059588093
2025-04-20 21:00:00,-0.19830543
2025-04-20 22:00:00,-0.314142
2025-04-20 23:00:00,-0.377541
2025-04-21 00:00:00,-0.29516476
2025-04-21 01:00:00,-0.091091014
2025-04-21 02:00:00,0.13653709
2025-04-21 03:00:00,0.36038756
2025-04-21 04:00:00,0.443421
2025-04-21 05:00:00,0.39918908
2025-04-21 06:00:00,0.24427268
2025-04-21 07:00:00,0.067674
2025-04-21 08:00:00,-0.10330129
2025-04-21 09:00:00,-0.23610581
2025-04-21 10:00:00,-0.33335403
2025-04-21 11:00:00,-0.3329199
2025-04-21 12:00:00,-0.1491235
2025-04-21 13:00:00,0.069228314
2025-04-21 14:00:00,0.36024302
2025-04-21 15:00:00,0.62992907
2025-04-21 16:00:00,0.7670319
2025-04-21 17:00:00,0.7944368
2025-04-21 18:00:00,0.6803707
